,community_id,title,summary,rating,rating_explanation,findings
0,23,Project Gutenberg and A Christmas Carol,"This community is centered around Project Gutenberg, a non-profit organization dedicated to promoting free access to electronic works. Project Gutenberg is overseen by the Project Gutenberg Literary Archive Foundation, which owns the trademark for Project Gutenberg and ensures its long-term survival. The community also includes entities associated with the classic novel 'A Christmas Carol,' such as its author Charles Dickens, illustrator Arthur Rackham, and original publisher J. B. Lippincott Company.",6.0,The impact severity rating is moderately high due to Project Gutenberg's significant reach and potential legal complexities.,"[{'summary': 'Project Gutenberg: A Digital Library with Global Reach', 'explanation': ""Project Gutenberg is a prominent non-profit organization dedicated to providing free access to electronic books. It creates and distributes eBooks online, making them accessible to a wide audience. The organization's mission of promoting digital literacy and preserving literary works has a significant impact on the global community. Its vast collection of digital texts has revolutionized access to literature, benefiting individuals, educators, and researchers worldwide.""}, {'summary': 'Project Gutenberg Literary Archive Foundation: Ensuring Long-Term Sustainability', 'explanation': ""The Project Gutenberg Literary Archive Foundation (PGLAF) is a key entity within this community. It plays a crucial role in ensuring the long-term sustainability of Project Gutenberg by owning the Project Gutenberg trademark and overseeing its distribution. The PGLAF also owns the compilation copyright for the collection of Project Gutenberg electronic works, safeguarding the organization's digital library and ensuring its continued accessibility to the public.""}, {'summary': 'A Christmas Carol: A Classic Work with Enduring Relevance', 'explanation': ""'A Christmas Carol' is a classic novel by Charles Dickens that continues to resonate with readers today. The work has been adapted numerous times for stage, film, and television, demonstrating its enduring cultural impact. This community includes entities associated with 'A Christmas Carol,' such as its author, illustrator, and original publisher, highlighting the novel's historical and literary significance.""}, {'summary': 'Legal and Regulatory Considerations for Project Gutenberg', 'explanation': ""Project Gutenberg operates within a complex legal landscape, adhering to copyright laws and regulations. Its relationship with the Internal Revenue Service is particularly noteworthy, as the PGLAF has been granted tax-exempt status, signifying its compliance with relevant regulations and its status as a non-profit organization. Project Gutenberg's commitment to legal compliance ensures its ongoing operations and ability to fulfill its mission.""}, {'summary': ""The Role of Volunteers in Project Gutenberg's Success"", 'explanation': ""Project Gutenberg relies heavily on the dedication of volunteers, who contribute to the digitization, distribution, and maintenance of its digital library. The contributions of volunteers are essential to the organization's success, as they provide the labor and expertise necessary to maintain the vast collection of eBooks. The community spirit and collaborative nature of Project Gutenberg are evident in its reliance on volunteers, who are crucial to its continued operation and impact.""}, {'summary': ""Project Gutenberg's Impact on Literary Access and Preservation"", 'explanation': ""Project Gutenberg's work has a profound impact on the world of literature, promoting access to books for individuals who might otherwise lack the means to acquire them. The organization's efforts to digitize and distribute works in the public domain play a vital role in preserving literary heritage and ensuring the continued availability of classic works for future generations. Project Gutenberg's digital library has become an essential resource for scholars, educators, and readers worldwide, demonstrating its significant contribution to the dissemination and preservation of literature.""}]"
1,24,Joe Miller,"The community consists of a single entity, Joe Miller, a famous comedian from the 18th century.  Miller is known for his jokes and stories and is referenced as a symbol of humor and laughter. ",1.0,The impact severity rating is low due to the historical nature of the entity and the lack of any current activity.,"[{'summary': ""Joe Miller's historical significance"", 'explanation': 'Joe Miller was a renowned comedian in the 18th century, famous for his jokes and stories. His legacy has endured to this day, with his name becoming synonymous with humor and laughter. He is referenced as a symbol of humor in various contexts, highlighting his enduring impact on popular culture.'}]"
2,16,Bob Cratchit and Family,"This community is centered around the Cratchit family, led by Bob Cratchit, a clerk working for Ebenezer Scrooge.  Bob and his wife, Mrs. Cratchit, have a large family and a strong bond, despite their financial struggles.  The family is known for their compassion, generosity, and resilience, as exemplified by Tiny Tim, their youngest child who is a symbol of hope and innocence.  The family experiences a period of grief following the death of one of their children, but they ultimately find solace and strength in their love for one another.",7.0,The impact severity rating is high due to the family's vulnerability and potential for exploitation.,"[{'summary': 'Bob Cratchit as the head of the family', 'explanation': ""Bob Cratchit is the central figure in this community, holding the role of both father and husband within the Cratchit family. He is a hardworking and dedicated man, striving to provide for his family despite their financial struggles.  He is known for his kindness, generosity, and resilience, demonstrating a strong commitment to his family. His relationship with his employer, Ebenezer Scrooge, is complex and often strained due to Scrooge's miserly nature and Bob's frequent tardiness, which further highlights the financial pressure he faces.  Bob's struggle to make ends meet and provide for his large family underscores the vulnerability of the Cratchit family, particularly given their limited resources.""}, {'summary': 'Mrs. Cratchit as the matriarch of the family', 'explanation': 'Mrs. Cratchit is the wife of Bob Cratchit and the mother of their large family.  She is a loving and supportive figure, demonstrating great strength and resilience despite their financial struggles.  She is known for her excellent cooking skills, taking pride in preparing delicious meals for her family, particularly during Christmas. Her strong family values and dedication to creating a nurturing environment for her children make her a vital part of the community. Despite their hardships, Mrs. Cratchit maintains an optimistic spirit and finds joy in spending time with her family, reflecting the importance of togetherness and love within their community.  Her character is a testament to the resilience and strength of women in challenging circumstances.'}, {'summary': 'The importance of family in this community', 'explanation': 'Family is central to this community, forming the foundation for all relationships and interactions. Bob and Mrs. Cratchit are dedicated to their children and prioritize their well-being, highlighting the strong bonds that tie them together.  The family faces challenges, including the death of one of their children, yet they find solace and strength in their shared love and support for one another.  Despite their financial struggles, the Cratchit family demonstrates a deep appreciation for the importance of togetherness and unity, particularly during festive occasions like Christmas.  This emphasis on family reinforces the interconnectedness of the community and highlights the resilience of its members.'}, {'summary': 'Tiny Tim as a symbol of hope and innocence', 'explanation': ""Tiny Tim, the youngest child of Bob and Mrs. Cratchit, is a significant figure in this community.  He is a frail and kind young boy who embodies hope and innocence, radiating optimism and cheerfulness despite his physical limitations.  Tiny Tim's innocence and resilience serve as a reminder of the power of kindness and love, even in challenging circumstances.  His presence within the family is a source of joy and inspiration, reminding them of the importance of appreciating the simple things in life.   However, his fragility makes him vulnerable, and his eventual death highlights the precariousness of their situation, exposing the potential for loss and hardship.""}, {'summary': 'The relationship with Ebenezer Scrooge', 'explanation': ""Ebenezer Scrooge is an external force that has a significant impact on this community.  As Bob Cratchit's employer, Scrooge's actions directly influence the Cratchit family's financial well-being.  His miserly nature and unwillingness to provide adequate compensation for Bob's labor contribute to the family's struggles. Scrooge's interactions with Bob and his family, especially his observation of Tiny Tim and the Cratchit's Christmas dinner, reveal his lack of compassion and highlight the stark contrast between his wealth and their poverty.  The relationship between Scrooge and the Cratchit family is complex and fraught with tension, highlighting the potential for exploitation and vulnerability within the community.""}]"
3,0,Scrooge's Transformation,"This community revolves around Ebenezer Scrooge, a miserly man who is visited by a series of ghosts that lead him on a journey of self-discovery and redemption. The ghosts represent different aspects of his life, including his past, present, and future. Through these encounters, Scrooge learns the importance of kindness, generosity, and the true spirit of Christmas. He ultimately changes his ways, becoming a kinder and more generous person. ",7.0,The impact severity rating is high due to the story's focus on moral transformation and the potential for Scrooge's change to inspire others.,"[{'summary': ""Scrooge's initial character and beliefs"", 'explanation': ""Ebenezer Scrooge is the central figure in this community, and his initial character is defined by his miserliness, cynicism, and disdain for Christmas. He is shown to be a cold and unsympathetic man who values money above all else.  Scrooge's beliefs are challenged by the ghosts he encounters, who show him the consequences of his actions and the importance of generosity and compassion.""}, {'summary': 'The role of the ghosts', 'explanation': ""The ghosts are crucial elements of this community, each representing a different aspect of Scrooge's life. The Ghost of Christmas Past shows him his past experiences and the choices he has made, while the Ghost of Christmas Present reveals the present joy and generosity he is missing. The Ghost of Christmas Yet to Come presents a grim future if he does not change his ways. Each ghost serves as a guide and teacher, helping Scrooge understand the impact of his actions and the importance of changing his ways. The ghosts are ultimately responsible for Scrooge's transformation, leading him to a path of redemption.""}, {'summary': ""Scrooge's transformation and its impact"", 'explanation': ""Scrooge undergoes a significant transformation throughout the story, becoming a kinder, more generous, and compassionate person. He learns the importance of human connection and the true spirit of Christmas. Scrooge's transformation is significant because it highlights the power of redemption and the possibility for change, even in someone who has been hardened by years of miserliness. His change has a positive impact on those around him, particularly Bob Cratchit and his family, as Scrooge becomes a benefactor and friend to them.""}, {'summary': 'The importance of Christmas', 'explanation': ""Christmas is a central theme in this community, and the story explores the true meaning of the holiday. Scrooge's journey is set during the Christmas season, and the ghosts he encounters show him the joy, generosity, and compassion that are essential to the holiday.  Scrooge's transformation ultimately involves embracing the true spirit of Christmas, becoming a more generous and kind person.""}, {'summary': 'The societal context of the story', 'explanation': ""The story is set in a time of significant social inequality in England, with a stark contrast between the wealthy and the poor. Scrooge's initial actions and beliefs reflect the attitudes of some in this era, who are indifferent to the plight of the poor. His transformation, however, suggests a possibility for change and a call for greater compassion and generosity towards those less fortunate.""}]"
4,6,Fezziwig's Christmas Party Community,"This community centers around Fezziwig, a former employer of Scrooge and Dick Wilkins, known for his generous Christmas Eve parties. The community is comprised of Fezziwig, his family, and his former employees, connected through their shared experiences at the Christmas party. The party features the traditional English country dance, 'Sir Roger de Coverley,' as its highlight, and is characterized by its festive atmosphere and enthusiastic participation by all attendees.",2.0,The impact severity rating is low due to the community's focus on a past event with no known ongoing activities.,"[{'summary': ""Fezziwig's Impact on the Community"", 'explanation': ""Fezziwig, the central figure in this community, is known for his kindness and generosity. He is a former employer of Scrooge and Dick Wilkins, and he hosted a lavish Christmas Eve party for his staff, which is the defining event of this community. This party was a time of great joy and celebration, and Fezziwig's enthusiasm for the festivities is reflected in the energy and participation of his guests. He also encourages his guests to participate in the festivities, making him a key figure in creating a positive and memorable experience for everyone. His role in the community is significant as he is the catalyst for bringing together a group of individuals who share a common experience, and his legacy continues to influence the perception of this community.""}, {'summary': ""The 'Sir Roger de Coverley' Dance"", 'explanation': ""The 'Sir Roger de Coverley' dance is a traditional English country dance that serves as the highlight of Fezziwig's Christmas party. Both Fezziwig and his wife, Mrs. Fezziwig, are enthusiastic participants in the dance, leading and encouraging their guests to join in. This dance is a significant element of the community's shared experience, representing the festive atmosphere and camaraderie present at the party. The dance also reinforces the positive image of Fezziwig, highlighting his joyful nature and his commitment to creating a happy environment for his employees.""}, {'summary': ""Fezziwig's Family"", 'explanation': ""Fezziwig's family, including his wife, Mrs. Fezziwig, and his daughters, the Miss Fezziwigs, are integral to the community. They are active participants in the Christmas party, with Mrs. Fezziwig dancing with her husband and the Miss Fezziwigs being popular with the young men. This familial aspect adds to the warmth and inclusivity of the community, creating a sense of belonging and shared experience. The family's presence further reinforces the positive image of Fezziwig, portraying him as a caring individual who prioritizes his loved ones and creates a welcoming environment for them.""}, {'summary': ""Fezziwig's Former Employees"", 'explanation': ""Fezziwig's former employees, including Ebenezer, Scrooge, and Dick Wilkins, are linked by their shared experience working for Fezziwig. They all participated in the Christmas Eve party, experiencing the joy and generosity of their former employer. This shared experience, particularly the Christmas party, serves as a defining element of their connection, even though their professional relationships with Fezziwig have ended. The presence of these individuals in the community highlights the lasting impact of Fezziwig's personality and actions on the lives of those around him.""}]"
5,14,Joe's Parlor Community,"This community is centered around Joe's marine-store and parlor, where he interacts with a group of individuals including the Undertaker's Man, the Laundress, and Mrs. Dilber. Joe is described as a friendly and helpful shopkeeper who often appraises the value of items brought to him. The community members seem to be united in their actions, particularly in their attempt to secure money from a recent inheritance.",3.0,The impact severity rating is low due to the community's focus on personal interactions and financial matters.,"[{'summary': ""Joe's role as a central figure"", 'explanation': ""Joe, the owner of the marine-store and parlor, is the central figure in this community. His shop serves as a meeting point for the members, who are described as regular customers. Joe's interactions with these individuals, particularly his willingness to appraise items and his potential financial struggles, highlight his significance in the community.""}, {'summary': ""Community members' shared goals"", 'explanation': ""The members of this community, including the Undertaker's Man, the Laundress, and Mrs. Dilber, seem to share common goals. They are united in their actions, particularly in their attempt to secure money from a recent inheritance. This shared objective suggests a sense of cooperation and shared interests within the community.""}, {'summary': ""Mrs. Dilber's influence"", 'explanation': 'Mrs. Dilber is described as a bold and defiant woman who is not afraid to speak her mind. She seems to be in agreement with the other women about the actions being taken, suggesting that she may have a strong influence within the community. Her role in the community may be significant, particularly in terms of her ability to persuade and direct others.'}, {'summary': ""Joe's potential financial difficulties"", 'explanation': 'Joe\'s shop is described as ""rusty"", which may indicate financial difficulties. This situation could create vulnerabilities for Joe and the community as a whole, as they may be more susceptible to influence or manipulation by those seeking to exploit their circumstances. Joe\'s financial situation could also impact the community\'s ability to achieve their shared goals.'}, {'summary': ""Community's potential for conflict"", 'explanation': ""While the community appears united in their actions, there is potential for conflict. Mrs. Dilber's bold and defiant nature, combined with the group's pursuit of financial gain, could create tensions or disagreements within the community.  The potential for conflict could be heightened if the inheritance is not distributed fairly or if competing interests arise.""}]"
6,22,Mr. Topper,"This community revolves around Mr. Topper, a bachelor with no additional information available.",1.0,The impact severity rating is low as no information suggests any particular impact from Mr. Topper being a bachelor.,"[{'summary': ""Mr. Topper's bachelor status"", 'explanation': 'The only available information about Mr. Topper is that he is a bachelor. This information does not provide any insight into his potential impact or influence. Without further information, it is impossible to assess his potential impact on any community.'}]"
7,20,Scrooge's Family and Christmas,"This community revolves around the celebration of Christmas and the contrasting personalities of Scrooge and his nephew, Scrooge's nephew's family, and the Ghost of Christmas Present.  Scrooge's nephew, his wife, and their family celebrate Christmas with joy and generosity while Scrooge is a grumpy miser who dislikes the holiday.  The Ghost of Christmas Present shows Scrooge the spirit of Christmas and how his actions affect others.",6.0,The community has a moderate impact due to the contrast between Scrooge's negativity and the general celebration of Christmas.,"[{'summary': ""Scrooge's nephew and his family embody Christmas spirit"", 'explanation': ""Scrooge's nephew is a cheerful, kind, and good-natured man who celebrates Christmas with enthusiasm. He is married to Scrooge's niece, who shares his love for the holiday and is known for her generosity.  They host a Christmas party every year and invite Scrooge, despite his dislike of the holiday.  Their positive outlook on life and their celebration of Christmas stand in stark contrast to Scrooge's negativity.  Topper, a member of Scrooge's nephew's family, also enjoys the holiday and playing music with them, highlighting the family's shared joy of Christmas.""}, {'summary': ""The Ghost's role in shaping Scrooge's perspective"", 'explanation': ""The Ghost of Christmas Present embodies the spirit of generosity and joy associated with the Christmas season. It shows Scrooge visions of the present and how others are celebrating Christmas.  The Ghost guides Scrooge through his journey of redemption, showing him the impact of his actions and the importance of kindness and compassion.  The Ghost also shows Scrooge the plight of Ignorance and Want, highlighting the consequences of greed and neglect.  This experience ultimately leads to Scrooge's transformation and his newfound appreciation for the holiday.""}, {'summary': ""Scrooge's contrasting perspective on Christmas"", 'explanation': ""Scrooge is a miser who dislikes Christmas and views it as a waste of time and money. He is a stark contrast to his nephew and niece, who celebrate the holiday with enthusiasm and generosity.  Scrooge's negativity towards Christmas highlights the importance of kindness and compassion during the holiday season, while his eventual transformation demonstrates the transformative power of empathy and understanding.""}, {'summary': ""The Grocers' as a symbol of Christmas commerce"", 'explanation': ""The Grocers' is a shop that is open during Christmas, suggesting that it is a place where people might shop for food and gifts during the holiday season.  This indicates that Christmas is not only a time for celebration and family gatherings but also a time for commercial activity.  The presence of The Grocers' highlights the economic and social aspects of Christmas and how it influences everyday life.""}]"
8,25,Scrooge and Marley's,"The community revolves around the business Scrooge and Marley's, which was owned by Scrooge and his former partner Marley.",2.0,The impact severity rating is low due to the lack of information about the nature of the business and its current activities.,"[{'summary': ""Scrooge and Marley's as a business entity"", 'explanation': ""Scrooge and Marley's is the sole entity mentioned in the provided data. It is described as a business that was previously owned by Scrooge and his former partner Marley. However, no further information is available regarding the nature of the business, its current status, or its activities. Therefore, it is challenging to assess the impact of this entity.""}, {'summary': 'The historical connection to Scrooge and Marley', 'explanation': 'The provided data indicates that Scrooge and Marley were former partners in the business. This historical connection might be relevant in understanding the past activities of the business and its potential impact. However, without further information about the specific roles of Scrooge and Marley and the nature of their partnership, it is difficult to draw conclusions about their influence on the business.'}]"
9,26,Bedlam and Scrooge's Perception,"This community focuses on Bedlam, a mental asylum, and Scrooge's perception of it. Scrooge believes he should be sent to Bedlam because his clerk is happy despite his poverty, highlighting a contrast in their views on happiness and societal norms.",3.0,The impact severity rating is low because the community revolves around a fictional setting and a character's internal thought process.,"[{'summary': 'Bedlam as a symbol of societal norms', 'explanation': ""Bedlam, a mental asylum, represents a societal perspective on mental health and societal norms. Scrooge's belief that he should be sent to Bedlam signifies his skewed perception of happiness and his inability to understand his clerk's contentment despite financial hardship. This highlights the contrast between Scrooge's perspective and societal expectations.""}, {'summary': ""Scrooge's perception of happiness"", 'explanation': ""Scrooge's belief that his clerk should be in Bedlam for being happy despite poverty reflects his own values and his warped understanding of happiness. His perception is deeply ingrained in his character and provides a glimpse into his personality and beliefs. This reveals a complex character dynamic and highlights the theme of social commentary within the story.""}]"
10,27,Lord Mayor and Mansion House,"The community consists of the Lord Mayor and Mansion House, where the Lord Mayor resides. The Lord Mayor is a high-ranking official responsible for governing London.",3.0,The impact severity rating is low due to the nature of the Lord Mayor's role and the limited information available.,"[{'summary': ""Lord Mayor's role in London's governance"", 'explanation': ""The Lord Mayor is a high-ranking official in London who is responsible for the city's governance. The Lord Mayor's role is primarily ceremonial and symbolic, representing the city at official events and promoting its interests. They are not directly involved in the day-to-day running of the city, which is handled by the Mayor of London and the London Assembly.""}, {'summary': 'Mansion House as the official residence', 'explanation': ""The Mansion House is the official residence of the Lord Mayor of London. It is a historic building in the heart of the city, used for official events and functions. The Mansion House serves as a symbol of the Lord Mayor's authority and represents the city's historical and cultural heritage.""}]"
11,28,Invisible World,"The Invisible World is a realm where ghosts reside and interact with the living. There are no other entities or relationships provided, making it difficult to assess the community's impact or provide further insights.",0.0,The impact severity rating is low as there is no information about entities or relationships in the community.,"[{'summary': 'Invisible World: A Realm of Ghosts', 'explanation': 'The Invisible World is a realm where ghosts reside and interact with the living.  This information suggests a realm separate from the physical world, with potential implications for human interactions with the supernatural.'}]"
12,10,"Ali Baba, Valentine, and Orson's Story","This community centers around the characters Ali Baba, Valentine, and Orson, who appear in a Christmas story that Scrooge is reminiscing about. The story revolves around the relationship between Valentine and his brother, Orson, with Ali Baba also present during Valentine's childhood.",1.0,The impact severity rating is low due to the fictional nature of the community.,"[{'summary': ""Ali Baba's presence in the story"", 'explanation': ""Ali Baba is a character in the story that Scrooge is remembering, specifically being present during the time when Valentine was a child. While the exact nature of Ali Baba's role in the story is unclear, his presence suggests some connection to the characters of Valentine and Orson, possibly as a friend, family member, or neighbor.  His presence in the story is only referenced through Scrooge's memory, meaning he is a character in a story about the past and not currently active.""}, {'summary': 'The relationship between Valentine and Orson', 'explanation': ""Valentine and Orson are brothers in the story that Scrooge is remembering, highlighting the familial relationship between these two characters. The story's focus on their brotherhood suggests that their relationship might be a significant aspect of the narrative, potentially involving conflict, reconciliation, or a shared experience. Since the story is solely referenced through Scrooge's memories, we can assume that the actions of Valentine and Orson are not ongoing and have no impact on the present day.""}]"
13,11,Damascus,"The community consists of only one entity: Damascus. Damascus is a city that appears in Scrooge's memories, indicating a possible historical or cultural connection to the protagonist.",1.0,The impact severity rating is very low as there is no information on any other entity related to Damascus.,"[{'summary': 'Damascus as a significant location', 'explanation': ""Damascus is a city mentioned in the story that Scrooge remembers. This suggests that Damascus has a historical or cultural significance for Scrooge, though the specific nature of this significance is not specified. The mention of Damascus in the story could potentially provide insight into Scrooge's past experiences or his cultural background.""}]"
14,12,The Sultan's Groom and The Princess,"The community is comprised of two entities, The Sultan's Groom and The Princess, connected by their relationship in a story that Scrooge remembers. The relationship revolves around their marriage, providing insight into the narrative Scrooge recalls.",1.0,The impact severity rating is low due to the limited information and lack of contemporary relevance.,"[{'summary': ""The Sultan's Groom and The Princess as characters in a memory"", 'explanation': ""The Sultan's Groom and The Princess are two characters in a story that Scrooge remembers. Their relationship, specifically their marriage, is the only connection between them. This suggests the story might be a romantic narrative or a tale of a royal wedding.""}, {'summary': 'The significance of the story for Scrooge', 'explanation': ""The story of The Sultan's Groom and The Princess holds significance for Scrooge, as it is a memory he retains. This could indicate that the story had a particular impact on him, possibly due to its emotional content, a valuable lesson it conveyed, or its connection to a specific period in his life.""}]"
15,7,Robin Crusoe and Friday,"The community consists of Robin Crusoe and Friday, two characters that appear together in a story that Scrooge remembers. The relationship between Robin Crusoe and Friday is significant as they are both characters within the same story.",1.0,The impact severity rating is low due to the limited information available about the characters and their story.,"[{'summary': 'Robin Crusoe and Friday as characters', 'explanation': ""Robin Crusoe and Friday are characters that appear together in a story that Scrooge remembers. The story's nature and its significance to Scrooge are unknown, so their impact is difficult to assess. However, the fact that they are characters in a story suggests that they may be part of a fictional world with limited real-world impact.""}, {'summary': ""The story's role in Scrooge's memory"", 'explanation': ""The story featuring Robin Crusoe and Friday is a memory of Scrooge. The story's content and relevance to Scrooge's life are unknown, so its impact on the community is unclear. However, the fact that Scrooge remembers the story suggests that it may have some significance to him and possibly to other characters or events in his life.""}]"
16,9,Master Scrooge and the Children,"The community is centered around Master Scrooge and his travels with a group of children. The children are also associated with a mother, a daughter, and a herd of 40 children mentioned in a poem. The community also includes a postboy who interacts with both Master Scrooge and a gentleman.",2.0,The impact severity rating is low due to the lack of concrete information about the nature of the relationships and activities.,"[{'summary': ""Master Scrooge's Travel Companions"", 'explanation': 'Master Scrooge is the central figure in this community, travelling with a group of children. The relationship between Master Scrooge and the children is significant, as they are travelling together. This suggests a shared experience and possible mutual influence between them. The children are also being watched by a mother and a daughter, suggesting potential familial connections and additional layers to their interactions with Master Scrooge.'}, {'summary': 'The Celebrated Herd', 'explanation': 'The Celebrated Herd is a group of 40 children mentioned in a poem. While not directly interacting with Master Scrooge or the travelling children, this herd is associated with the children, potentially signifying a broader context for their existence. The poem could shed light on their background, activities, or significance, adding another dimension to the community.'}, {'summary': ""The Postboy's Deliveries"", 'explanation': 'The postboy plays a role in this community, delivering messages or items to both Master Scrooge and a gentleman. These deliveries suggest potential connections and interactions between the entities involved. The nature of these deliveries could reveal further information about their relationships and motivations, potentially shedding light on their activities and intentions.'}, {'summary': ""The Schoolmaster's Interaction"", 'explanation': ""The schoolmaster interacts with Master Scrooge's children, as they said goodbye to him. This interaction could indicate potential educational or social connections between the children and the schoolmaster, hinting at their background or potential future endeavors.  The nature of this interaction could reveal further insights about the children's lives and their relationship with Master Scrooge.""}]"
17,19,Great Britain and Blazing Chimneys,"The community is comprised of Great Britain, a country where it is snowing, and chimneys that are all blazing. The community's structure is simple, with Great Britain being the only entity related to the chimneys.",1.0,The impact severity rating is low due to the lack of information about the community and its activities.,"[{'summary': 'Great Britain as the primary entity', 'explanation': 'Great Britain is the primary entity in this community, described as a country experiencing snow. The relationship between Great Britain and the chimneys suggests that the chimneys are located within Great Britain, but without further information, the significance of this relationship is unclear.  The presence of blazing chimneys during a snowy period could imply a variety of factors such as residential heating or industrial activity, but the specific context remains unknown.'}, {'summary': 'Blazing chimneys in Great Britain', 'explanation': 'The chimneys are all blazing in Great Britain. The fact that the chimneys are blazing suggests that they are in use, but without more information, their purpose and impact remain unclear. The relationship between Great Britain and the chimneys suggests that the chimneys are located within Great Britain, but without further information, the significance of this relationship is unclear.'}]"
18,15,Mr. Scrooge,"This community consists solely of Mr. Scrooge, a character known for his miserly nature. There are no other entities or relationships within this community.",1.0,The impact severity rating is very low due to the lack of activity and relationships within this community.,"[{'summary': 'Mr. Scrooge as a solitary figure', 'explanation': 'Mr. Scrooge is the only entity in this community. This suggests that he is an isolated character, with no known connections or interactions with other entities. Without further information about his activities or relationships, it is difficult to assess his impact or potential threat.'}]"
